{"cameraMode":{"drawMode":0,"name":"Shaded","section":"Shading Mode"},"sceneLighting":false,"audioPlay":false,"sceneViewState":{"showFog":false,"showMaterialUpdate":false,"showSkybox":false,"showFlares":false,"showImageEffects":false,"showParticleSystems":false},"in2DMode":false,"pivot":{"x":-58.9426155090332,"y":38.18353271484375,"z":43.148773193359378},"rotation":{"x":0.0025638833176344635,"y":0.9952991008758545,"z":-0.09283097833395004,"w":0.027489401400089265},"size":165.83370971679688,"orthographic":false}