{"cameraMode":{"drawMode":0,"name":"Shaded","section":"Shading Mode"},"sceneLighting":true,"audioPlay":false,"sceneViewState":{"showFog":true,"showMaterialUpdate":false,"showSkybox":true,"showFlares":true,"showImageEffects":true,"showParticleSystems":true},"in2DMode":false,"pivot":{"x":-206.7053680419922,"y":-68.17817687988281,"z":-1214.58056640625},"rotation":{"x":-0.11366502940654755,"y":-0.08276258409023285,"z":0.009502080269157887,"w":-0.9900203943252564},"size":28.22966194152832,"orthographic":false}